eps,rho
0.846029740506846,-0.687894948733717
