eps,rho,gamma1,gamma2,beta1,beta2,cost
0.8617525785981,-0.686915473442269,0.243279676387193,0.288051790707448,177.682810993364,0.0497870683678639,3.98137171088458
