eps,rho
0.869513611025913,-0.672299543820657
