eps,rho,cost
0.869513611025913,-0.672299543820657,3.46756046846068
