eps,rho,cost
0.846029740506846,-0.687894948733717,4.08435178332352
