eps,rho,gamma1,gamma2,beta1,beta2,cost
0.869513611025913,-0.672299543820657,0.238,0.253,177.682810993364,0.0497870683678639,3.46756046846068
