put,call
3.09593686541911,1.41363930182547
