put,call
1.47804746643453,1.27516736177952
