put,call
0.847515912941254,0.633642648128104
