put,call
1.74361096210495,1.70995828283119
