put,call
3.82734947871536,3.33135068249962
