put,call
5.4310136584952,1.75962788873066
