put,call
1.73050182795904,1.72411950369874
