put,call
2.03269839254787,1.9268555903855
