put,call
1.73041466464413,1.72403331382833
