put,call
5.0850633117989,3.77374164595614
