put,call
2.54084896377963,2.52445772724025
