put,call
0.663266605999401,0.759429792078597
