put,call
1.21437655790789,0.996648678043586
