put,call
0.987345733213611,0.967754579548918
