put,call
5.10619471828096,3.77313841535726
