put,call
5.0526853345171,3.67037797231581
