put,call
3.66051743522369,2.00039133211409
