put,call
1.90898287733186,1.8769092730639
