put,call
1.47751979705078,1.27463140611488
