put,call
1.14512595175051,0.988132268088255
