put,call
1.63428872882655,1.55723389802985
