put,call
2.11590176662619,2.06933478381997
