put,call
1.43456803864052,1.46462203927207
