put,call
5.10580841376978,3.77258563008319
