eps,rho,gamma1,cost
0.727211762490023,-0.686896930043176,0.264113387296667,4.07502724428905
