lambda,rho,cost
0.493552904555259,-0.974211603979876,2195.22997378884
