eps,rho,gamma1,gamma2,beta1,beta2,cost
0.846029740506846,-0.687894948733717,0.238,0.253,177.682810993364,0.0497870683678639,4.08435178332352
