eta,rho,gamma,cost
1.58717538959672,-0.260100096986764,0.40948105636612,0.0799868471997933
