eps,rho,gamma1,gamma2,beta1,beta2,cost
0.800807922342684,-0.686883910968494,0.251894716798964,0.258878874030422,177.679891114122,1.6949610741976,3.99359354887494
