eps,rho,gamma1,gamma2,beta1,beta2,cost
0.798563054984494,-0.686879405046446,0.252302751072583,0.252645487097285,182.319076857236,2.04541706539717,3.99570829036216
